CustomerID,Item,Item,Item,Item,Item,Item,Item,Item,Item,Item,Item,Item,Item,Item,Item,Item,Item,Item,Item,Item,Item,Item,Item,Item,Item,Item,Item,Item,Item,Item,Item,Item,Item,Item,Item,Item,Item,Item,Item,Item,Item,Item,Item,Item,Item,Item,Item,Item,Item,Item,Item,Item,Item,Item,Item,Item,Item,Item,Item,Item,Item,Item,Item,Item,Item,Item,Item,Item,Item,Item,Item,Item
127269,054945F,036927A,080982S,006930A,022968C,053955S,032967I,024948Y,007029N,012969C,,,,,,,,,,,,,,,,,,,,,,,,,,,,,,,,,,,,,,,,,,,,,,,,,,,,,,,,,,-1,-1,-1,-1,-1
327267,041976M,000000C,002970E,050985J,021978L,024948Y,000990Z,007920Z,031977B,015939V,,,,,,,,,,,,,,,,,,,,,,,,,,,,,,,,,,,,,,,,,,,,,,,,,,,,,,,,,,-1,-1,-1,-1,-1
452745,065934P,052965I,036927A,041976M,001980G,021978L,076923I,052965I,030987T,021978L,,,,,,,,,,,,,,,,,,,,,,,,,,,,,,,,,,,,,,,,,,,,,,,,,,,,,,,,,,-1,-1,-1,-1,-1
247248,054945F,000000C,049005L,031977B,006930A,017028O,014058M,053955S,005049G,001980G,,,,,,,,,,,,,,,,,,,,,,,,,,,,,,,,,,,,,,,,,,,,,,,,,,,,,,,,,,-1,-1,-1,-1,-1
442755,019008L,057024E,043956V,062964J,076032R,032967I,019998Q,064944H,080982S,024948Y,,,,,,,,,,,,,,,,,,,,,,,,,,,,,,,,,,,,,,,,,,,,,,,,,,,,,,,,,,-1,-1,-1,-1,-1
42759,061974D,001980G,031977B,052965I,002970E,020988N,051975K,009009S,049995T,019008L,,,,,,,,,,,,,,,,,,,,,,,,,,,,,,,,,,,,,,,,,,,,,,,,,,,,,,,,,,-1,-1,-1,-1,-1
131769,046926Q,009999R,005049G,030987T,040986Z,009009S,076032R,023958Y,009999R,000000C,,,,,,,,,,,,,,,,,,,,,,,,,,,,,,,,,,,,,,,,,,,,,,,,,,,,,,,,,,-1,-1,-1,-1,-1
21780,070983K,075933R,055935U,019008L,002079M,071973D,-1,-1,-1,-1,,,,,,,,,,,,,,,,,,,,,,,,,,,,,,,,,,,,,,,,,,,,,,,,,,,,,,,,,,-1,-1,-1,-1,-1
108189,049995T,070983K,029007O,069003V,019998Q,010989C,-1,-1,-1,-1,,,,,,,,,,,,,,,,,,,,,,,,,,,,,,,,,,,,,,,,,,,,,,,,,,,,,,,,,,-1,-1,-1,-1,-1
238158,000000C,060984A,031977B,005940K,015048E,039996Z,-1,,,,,,,,,,,,,,,,,,,,,,,,,,,,,,,,,,,,,,,,,,,,,,,,,,,,,,,,,,,,,-1,-1,-1,-1,-1
530865,018018Y,055935U,009999R,038016P,069993T,011979F,-1,-1,-1,-1,,,,,,,,,,,,,,,,,,,,,,,,,,,,,,,,,,,,,,,,,,,,,,,,,,,,,,,,,,-1,-1,-1,-1,-1
10890,014058M,001980G,055935U,016929M,015048E,018018Y,011979F,,,-1,,,,,,,,,,,,,,,,,,,,,,,,,,,,,,,,,,,,,,,,,,,,,,,,,,,,,,,,,,-1,-1,-1,-1,-1
289107,026928F,060984A,033957W,026037V,043956V,019008L,-1,-1,-1,-1,,,,,,,,,,,,,,,,,,,,,,,,,,,,,,,,,,,,,,,,,,,,,,,,,,,,,,,,,,-1,-1,-1,-1,-1
190908,031977B,011979F,048015U,027918S,025938M,031977B,054945F,017919J,068013X,021978L,,,,,,,,,,,,,,,,,,,,,,,,,,,,,,,,,,,,,,,,,,,,,,,,,,,,,,,,,,-1,-1,-1,-1,-1
309087,076923I,054054O,023958Y,053955S,032967I,024948Y,035937Z,072963V,071973D,066924T,,,,,,,,,,,,,,,,,,,,,,,,,,,,,,,,,,,,,,,,,,,,,,,,,,,,,,,,,,-1,-1,-1,-1,-1
380916,042966X,053955S,019008L,024948Y,000990Z,007920Z,007029N,032967I,009999R,009009S,,,,,,,,,,,,,,,,,,,,,,,,,,,,,,,,,,,,,,,,,,,,,,,,,,,,,,,,,,-1,-1,-1,-1,-1
470925,030987T,008019M,001980G,021978L,076923I,052965I,053955S,015939V,000000C,068013X,,,,,,,,,,,,,,,,,,,,,,,,,,,,,,,,,,,,,,,,,,,,,,,,,,,,,,,,,,-1,-1,-1,-1,-1
370926,002970E,008019M,045045G,017028O,014058M,053955S,009009S,020988N,058014M,048015U,,,,,,,,,,,,,,,,,,,,,,,,,,,,,,,,,,,,,,,,,,,,,,,,,,,,,,,,,,-1,-1,-1,-1,-1
329067,016038G,037917H,057915J,032967I,019998Q,064944H,063954D,021978L,066924T,013959S,,,,,,,,,,,,,,,,,,,,,,,,,,,,,,,,,,,,,,,,,,,,,,,,,,,,,,,,,,-1,-1,-1,-1,-1
139059,041976M,076923I,014058M,076923I,029997N,004059Z,064944H,032967I,074943W,063954D,,,,,,,,,,,,,,,,,,,,,,,,,,,,,,,,,,,,,,,,,,,,,,,,,,,,,,,,,,-1,-1,-1,-1,-1
450945,065934P,036927A,021978L,052965I,015048E,073953I,079992P,023958Y,069993T,071973D,,,,,,,,,,,,,,,,,,,,,,,,,,,,,,,,,,,,,,,,,,,,,,,,,,,,,,,,,,-1,-1,-1,-1,-1
349047,054945F,064944H,076923I,074943W,033957W,079992P,073953I,025938M,009009S,040986Z,,,,,,,,,,,,,,,,,,,,,,,,,,,,,,,,,,,,,,,,,,,,,,,,,,,,,,,,,,-1,-1,-1,-1,-1
240957,019008L,050985J,054945F,060984A,050985J,066924T,056925W,030987T,070983K,065934P,,,,,,,,,,,,,,,,,,,,,,,,,,,,,,,,,,,,,,,,,,,,,,,,,,,,,,,,,,-1,-1,-1,-1,-1
59040,061974D,065934P,007029N,002970E,020988N,022968C,012969C,023958Y,001980G,032967I,,,,,,,,,,,,,,,,,,,,,,,,,,,,,,,,,,,,,,,,,,,,,,,,,,,,,,,,,,-1,-1,-1,-1,-1
359037,021087C,016929M,048015U,029997N,014949S,024948Y,050985J,065934P,018018Y,033957W,,,,,,,,,,,,,,,,,,,,,,,,,,,,,,,,,,,,,,,,,,,,,,,,,,,,,,,,,,-1,-1,-1,-1,-1
229968,048015U,066924T,062964J,001980G,024948Y,044946T,026928F,009999R,071973D,058014M,,,,,,,,,,,,,,,,,,,,,,,,,,,,,,,,,,,,,,,,,,,,,,,,,,,,,,,,,,-1,-1,-1,-1,-1
270027,009009S,027027P,018018Y,002970E,077022O,030987T,058014M,010989C,021978L,020988N,,,,,,,,,,,,,,,,,,,,,,,,,,,,,,,,,,,,,,,,,,,,,,,,,,,,,,,,,,-1,-1,-1,-1,-1
209988,015048E,001980G,020988N,050985J,049995T,059004B,029007O,056925W,074943W,004059Z,,,,,,,,,,,,,,,,,,,,,,,,,,,,,,,,,,,,,,,,,,,,,,,,,,,,,,,,,,-1,-1,-1,-1,-1
99999,056925W,073953I,015048E,033066P,015048E,013068T,059004B,056925W,012969C,008019M,,,,,,,,,,,,,,,,,,,,,,,,,,,,,,,,,,,,,,,,,,,,,,,,,,,,,,,,,,-1,-1,-1,-1,-1
360036,015939V,054945F,000000C,036927A,062964J,008019M,000990Z,063954D,042966X,039996Z,,,,,,,,,,,,,,,,,,,,,,,,,,,,,,,,,,,,,,,,,,,,,,,,,,,,,,,,,,-1,-1,-1,-1,-1
440055,043956V,007029N,033957W,033066P,010989C,008019M,002970E,058014M,009999R,049005L,,,,,,,,,,,,,,,,,,,,,,,,,,,,,,,,,,,,,,,,,,,,,,,,,,,,,,,,,,-1,-1,-1,-1,-1
279117,007029N,009009S,019008L,029997N,004059Z,064944H,014058M,033066P,009999R,040986Z,,,,,,,,,,,,,,,,,,,,,,,,,,,,,,,,,,,,,,,,,,,,,,,,,,,,,,,,,,-1,-1,-1,-1,-1
320877,009009S,061974D,022968C,015048E,073953I,079992P,009009S,034947C,013068T,068904W,,,,,,,,,,,,,,,,,,,,,,,,,,,,,,,,,,,,,,,,,,,,,,,,,,,,,,,,,,-1,-1,-1,-1,-1
449145,013959S,070983K,041976M,033957W,079992P,073953I,019998Q,017028O,002079M,020988N,,,,,,,,,,,,,,,,,,,,,,,,,,,,,,,,,,,,,,,,,,,,,,,,,,,,,,,,,,-1,-1,-1,-1,-1
249147,055044K,083952C,043956V,050985J,066924T,056925W,-1,-1,-1,-1,,,,,,,,,,,,,,,,,,,,,,,,,,,,,,,,,,,,,,,,,,,,,,,,,,,,,,,,,,-1,-1,-1,-1,-1
49149,037917H,011979F,013068T,020988N,022968C,012969C,-1,-1,-1,-1,,,,,,,,,,,,,,,,,,,,,,,,,,,,,,,,,,,,,,,,,,,,,,,,,,,,,,,,,,-1,-1,-1,-1,-1
250848,037917H,065934P,021978L,054054O,002970E,018018Y,075933R,000990Z,003069E,078903Y,,,,,,,,,,,,,,,,,,,,,,,,,,,,,,,,,,,,,,,,,,,,,,,,,,,,,,,,,,-1,-1,-1,-1,-1
360837,053955S,004059Z,059994L,069993T,059994L,004950L,064053Z,074943W,044055K,006039K,,,,,,,,,,,,,,,,,,,,,,,,,,,,,,,,,,,,,,,,,,,,,,,,,,,,,,,,,,-1,-1,-1,-1,-1
28170,026928F,074943W,024948Y,074943W,029997N,062964J,058014M,038016P,059994L,023958Y,,,,,,,,,,,,,,,,,,,,,,,,,,,,,,,,,,,,,,,,,,,,,,,,,,,,,,,,,,-1,-1,-1,-1,-1
271827,009999R,041976M,020988N,063954D,015048E,003069E,019998Q,034947C,000000C,024948Y,,,,,,,,,,,,,,,,,,,,,,,,,,,,,,,,,,,,,,,,,,,,,,,,,,,,,,,,,,-1,-1,-1,-1,-1
418176,034947C,006039K,065934P,015048E,023958Y,073953I,043956V,059994L,019008L,019998Q,,,,,,,,,,,,,,,,,,,,,,,,,,,,,,,,,,,,,,,,,,,,,,,,,,,,,,,,,,-1,-1,-1,-1,-1
98199,009999R,041976M,019998Q,064944H,014058M,005940K,046926Q,054054O,004950L,069993T,,,,,,,,,,,,,,,,,,,,,,,,,,,,,,,,,,,,,,,,,,,,,,,,,,,,,,,,,,-1,-1,-1,-1,-1
201798,014058M,000000C,013068T,019008L,021978L,010989C,069003V,032967I,027918S,052965I,,,,,,,,,,,,,,,,,,,,,,,,,,,,,,,,,,,,,,,,,,,,,,,,,,,,,,,,,,-1,-1,-1,-1,-1
488205,006039K,013959S,044946T,054945F,055935U,065043Y,036036V,004059Z,060984A,001980G,,,,,,,,,,,,,,,,,,,,,,,,,,,,,,,,,,,,,,,,,,,,,,,,,,,,,,,,,,-1,-1,-1,-1,-1
141759,053955S,073953I,054945F,004059Z,005940K,015939V,052965I,023958Y,000990Z,019008L,,,,,,,,,,,,,,,,,,,,,,,,,,,,,,,,,,,,,,,,,,,,,,,,,,,,,,,,,,048906O,075042F,-1,-1,-1
51750,050985J,020988N,053955S,033957W,009999R,019998Q,019998Q,011979F,077022O,002970E,,,,,,,,,,,,,,,,,,,,,,,,,,,,,,,,,,,,,,,,,,,,,,,,,,,,,,,,,,-1,-1,-1,-1,-1
187308,073953I,045936K,000990Z,021978L,036927A,009999R,019008L,003069E,060984A,030987T,,,,,,,,,,,,,,,,,,,,,,,,,,,,,,,,,,,,,,,,,,,,,,,,,,,,,,,,,,-1,-1,-1,-1,-1
12690,016929M,009999R,053955S,042966X,043956V,073953I,010989C,063954D,012969C,019998Q,,,,,,,,,,,,,,,,,,,,,,,,,,,,,,,,,,,,,,,,,,,,,,,,,,,,,,,,,,-1,-1,-1,-1,-1
142659,010989C,018018Y,031977B,008019M,075933R,009009S,023958Y,029997N,039006S,005049G,,,,,,,,,,,,,,,,,,,,,,,,,,,,,,,,,,,,,,,,,,,,,,,,,,,,,,,,,,-1,-1,-1,-1,-1
252648,065043Y,036036V,004059Z,000000C,000990Z,016929M,052965I,029997N,053955S,010989C,,,,,,,,,,,,,,,,,,,,,,,,,,,,,,,,,,,,,,,,,,,,,,,,,,,,,,,,,,064053Z,079002G,-1,-1,-1
37359,015939V,052965I,023958Y,020988N,017028O,040986Z,029997N,055935U,002970E,033957W,,,,,,,,,,,,,,,,,,,,,,,,,,,,,,,,,,,,,,,,,,,,,,,,,,,,,,,,,,-1,-1,-1,-1,-1
336267,019998Q,019998Q,011979F,009009S,010989C,039996Z,006930A,075933R,007920Z,005049G,,,,,,,,,,,,,,,,,,,,,,,,,,,,,,,,,,,,,,,,,,,,,,,,,,,,,,,,,,-1,-1,-1,-1,-1
136269,009999R,019008L,003069E,049995T,051975K,061974D,009999R,041976M,071973D,018018Y,,,,,,,,,,,,,,,,,,,,,,,,,,,,,,,,,,,,,,,,,,,,,,,,,,,,,,,,,,-1,-1,-1,-1,-1
63729,073953I,010989C,063954D,027918S,012969C,012078F,008019M,002079M,001980G,019008L,,,,,,,,,,,,,,,,,,,,,,,,,,,,,,,,,,,,,,,,,,,,,,,,,,,,,,,,,,-1,-1,-1,-1,-1
83709,009009S,023958Y,029997N,035937Z,007029N,013959S,032967I,029997N,004059Z,039996Z,,,,,,,,,,,,,,,,,,,,,,,,,,,,,,,,,,,,,,,,,,,,,,,,,,,,,,,,,,-1,-1,-1,-1,-1
283707,016929M,052965I,029997N,046926Q,076923I,005049G,058014M,010989C,071973D,009999R,,,,,,,,,,,,,,,,,,,,,,,,,,,,,,,,,,,,,,,,,,,,,,,,,,,,,,,,,,-1,-1,-1,-1,-1
506295,040986Z,029997N,055935U,075933R,010989C,016929M,009009S,054945F,073953I,023958Y,,,,,,,,,,,,,,,,,,,,,,,,,,,,,,,,,,,,,,,,,,,,,,,,,,,,,,,,,,-1,-1,-1,-1,-1
93699,039996Z,006930A,075933R,044946T,019998Q,058905O,078903Y,005049G,055044K,074052E,,,,,,,,,,,,,,,,,,,,,,,,,,,,,,,,,,,,,,,,,,,,,,,,,,,,,,,,,,-1,-1,-1,-1,-1
193698,061974D,009999R,041976M,003069E,044946T,013959S,003960A,024948Y,006930A,069993T,,,,,,,,,,,,,,,,,,,,,,,,,,,,,,,,,,,,,,,,,,,,,,,,,,,,,,,,,,-1,-1,-1,-1,-1
103689,012078F,008019M,002079M,011979F,014058M,052965I,036927A,071973D,004950L,055935U,,,,,,,,,,,,,,,,,,,,,,,,,,,,,,,,,,,,,,,,,,,,,,,,,,,,,,,,,,-1,-1,-1,-1,-1
13680,013959S,032967I,029997N,014058M,012969C,025938M,033957W,009999R,004950L,024948Y,,,,,,,,,,,,,,,,,,,,,,,,,,,,,,,,,,,,,,,,,,,,,,,,,,,,,,,,,,-1,-1,-1,-1,-1
84609,005049G,058014M,010989C,011979F,010989C,032967I,076032R,000000C,073953I,075933R,,,,,,,,,,,,,,,,,,,,,,,,,,,,,,,,,,,,,,,,,,,,,,,,,,,,,,,,,,-1,-1,-1,-1,-1
505395,016929M,009009S,054945F,003069E,019008L,009009S,019998Q,071973D,059994L,027027P,,,,,,,,,,,,,,,,,,,,,,,,,,,,,,,,,,,,,,,,,,,,,,,,,,,,,,,,,,-1,-1,-1,-1,-1
294597,058905O,078903Y,005049G,011979F,052965I,000990Z,050985J,009999R,039996Z,003960A,,,,,,,,,,,,,,,,,,,,,,,,,,,,,,,,,,,,,,,,,,,,,,,,,,,,,,,,,,-1,-1,-1,-1,-1
395406,013959S,003960A,024948Y,-1,-1,-1,-1,-1,-1,-1,,,,,,,,,,,,,,,,,,,,,,,,,,,,,,,,,,,,,,,,,,,,,,,,,,,,,,,,,,-1,-1,-1,-1,-1
314577,052965I,036927A,071973D,000990Z,010989C,079002G,075933R,048015U,078012A,019008L,,,,,,,,,,,,,,,,,,,,,,,,,,,,,,,,,,,,,,,,,,,,,,,,,,,,,,,,,,-1,-1,-1,-1,-1
134559,025938M,033957W,009999R,019998Q,032967I,007029N,056925W,055935U,009999R,028017C,,,,,,,,,,,,,,,,,,,,,,,,,,,,,,,,,,,,,,,,,,,,,,,,,,,,,,,,,,-1,-1,-1,-1,-1
245457,010989C,013068T,049005L,076923I,055935U,016929M,003069E,065934P,056925W,009009S,,,,,,,,,,,,,,,,,,,,,,,,,,,,,,,,,,,,,,,,,,,,,,,,,,,,,,,,,,-1,-1,-1,-1,-1
54540,064944H,011979F,028017C,019008L,001980G,007029N,034947C,031977B,003069E,016929M,,,,,,,,,,,,,,,,,,,,,,,,,,,,,,,,,,,,,,,,,,,,,,,,,,,,,,,,,,-1,-1,-1,-1,-1
354537,037917H,POST,019998Q,023958Y,061974D,031977B,072963V,006930A,036927A,060984A,,,,,,,,,,,,,,,,,,,,,,,,,,,,,,,,,,,,,,,,,,,,,,,,,,,,,,,,,,-1,-1,-1,-1,-1
454536,020988N,068013X,009009S,035937Z,042966X,065043Y,040986Z,021978L,064944H,005940K,,,,,,,,,,,,,,,,,,,,,,,,,,,,,,,,,,,,,,,,,,,,,,,,,,,,,,,,,,-1,-1,-1,-1,-1
434466,033957W,016038G,006039K,023958Y,004950L,014949S,034947C,063954D,018018Y,066924T,,,,,,,,,,,,,,,,,,,,,,,,,,,,,,,,,,,,,,,,,,,,,,,,,,,,,,,,,,-1,-1,-1,-1,-1
334467,036927A,037917H,000000C,019008L,012969C,009999R,013959S,064944H,017028O,013068T,,,,,,,,,,,,,,,,,,,,,,,,,,,,,,,,,,,,,,,,,,,,,,,,,,,,,,,,,,-1,-1,-1,-1,-1
165528,019998Q,000990Z,031977B,043956V,015048E,076923I,065934P,009009S,030987T,040986Z,,,,,,,,,,,,,,,,,,,,,,,,,,,,,,,,,,,,,,,,,,,,,,,,,,,,,,,,,,-1,-1,-1,-1,-1
24480,042966X,012969C,004950L,000990Z,021978L,036927A,009999R,001980G,020988N,059994L,,,,,,,,,,,,,,,,,,,,,,,,,,,,,,,,,,,,,,,,,,,,,,,,,,,,,,,,,,-1,-1,-1,-1,-1
375516,009009S,039006S,077913E,053955S,042966X,043956V,073953I,018018Y,060984A,001980G,,,,,,,,,,,,,,,,,,,,,,,,,,,,,,,,,,,,,,,,,,,,,,,,,,,,,,,,,,-1,-1,-1,-1,-1
114489,069993T,000000C,009999R,031977B,008019M,075933R,009009S,067914I,016038G,020988N,,,,,,,,,,,,,,,,,,,,,,,,,,,,,,,,,,,,,,,,,,,,,,,,,,,,,,,,,,-1,-1,-1,-1,-1
14490,025047V,039996Z,028017C,005940K,000000C,000990Z,016929M,009009S,021978L,026928F,,,,,,,,,,,,,,,,,,,,,,,,,,,,,,,,,,,,,,,,,,,,,,,,,,,,,,,,,,-1,-1,-1,-1,-1
185508,008019M,016929M,065043Y,019998Q,020988N,017028O,040986Z,046926Q,036927A,013959S,,,,,,,,,,,,,,,,,,,,,,,,,,,,,,,,,,,,,,,,,,,,,,,,,,,,,,,,,,-1,-1,-1,-1,-1
4500,040986Z,002079M,076923I,008019M,009009S,010989C,039996Z,001980G,020988N,014058M,,,,,,,,,,,,,,,,,,,,,,,,,,,,,,,,,,,,,,,,,,,,,,,,,,,,,,,,,,-1,-1,-1,-1,-1
395496,053955S,036036V,065934P,050985J,049995T,051975K,061974D,076923I,004950L,061974D,,,,,,,,,,,,,,,,,,,,,,,,,,,,,,,,,,,,,,,,,,,,,,,,,,,,,,,,,,-1,-1,-1,-1,-1
394506,036927A,060984A,023958Y,009999R,027918S,012969C,012078F,008019M,002079M,019008L,,,,,,,,,,,,,,,,,,,,,,,,,,,,,,,,,,,,,,,,,,,,,,,,,,,,,,,,,,-1,-1,-1,-1,-1
294507,060984A,019998Q,031977B,049005L,035937Z,007029N,013959S,032967I,029997N,045936K,,,,,,,,,,,,,,,,,,,,,,,,,,,,,,,,,,,,,,,,,,,,,,,,,,,,,,,,,,-1,-1,-1,-1,-1
5490,073953I,066924T,021978L,003069E,046926Q,076923I,005049G,058014M,010989C,032967I,,,,,,,,,,,,,,,,,,,,,,,,,,,,,,,,,,,,,,,,,,,,,,,,,,,,,,,,,,-1,-1,-1,-1,-1
205488,003069E,019998Q,007029N,013068T,075933R,010989C,016929M,009009S,054945F,074943W,,,,,,,,,,,,,,,,,,,,,,,,,,,,,,,,,,,,,,,,,,,,,,,,,,,,,,,,,,-1,-1,-1,-1,-1
84519,071973D,007920Z,038016P,015048E,044946T,019998Q,058905O,078903Y,005049G,013068T,,,,,,,,,,,,,,,,,,,,,,,,,,,,,,,,,,,,,,,,,,,,,,,,,,,,,,,,,,-1,-1,-1,-1,-1
15480,004059Z,014058M,020988N,073953I,060984A,009009S,023958Y,005049G,024948Y,001980G,,,,,,,,,,,,,,,,,,,,,,,,,,,,,,,,,,,,,,,,,,,,,,,,,,,,,,,,,,-1,-1,-1,-1,-1
203598,040986Z,039006S,019998Q,009999R,028017C,077022O,052965I,039996Z,008019M,072963V,,,,,,,,,,,,,,,,,,,,,,,,,,,,,,,,,,,,,,,,,,,,,,,,,,,,,,,,,,-1,-1,-1,-1,-1
103599,069993T,049995T,052965I,000000C,061974D,008019M,040986Z,002970E,031977B,071973D,,,,,,,,,,,,,,,,,,,,,,,,,,,,,,,,,,,,,,,,,,,,,,,,,,,,,,,,,,-1,-1,-1,-1,-1
473625,019998Q,009999R,029007O,006039K,043956V,072963V,068013X,048015U,002970E,021978L,,,,,,,,,,,,,,,,,,,,,,,,,,,,,,,,,,,,,,,,,,,,,,,,,,,,,,,,,,-1,-1,-1,-1,-1
173628,011979F,066924T,018018Y,051975K,031977B,070983K,013959S,005049G,POST,008019M,,,,,,,,,,,,,,,,,,,,,,,,,,,,,,,,,,,,,,,,,,,,,,,,,,,,,,,,,,-1,-1,-1,-1,-1
463635,071973D,061974D,002970E,053955S,003069E,006930A,014949S,013068T,054945F,015048E,,,,,,,,,,,,,,,,,,,,,,,,,,,,,,,,,,,,,,,,,,,,,,,,,,,,,,,,,,-1,-1,-1,-1,-1
36360,041976M,043956V,008019M,012969C,054945F,034947C,050985J,077913E,036927A,035937Z,,,,,,,,,,,,,,,,,,,,,,,,,,,,,,,,,,,,,,,,,,,,,,,,,,,,,,,,,,-1,-1,-1,-1,-1
353646,033957W,053955S,008019M,019008L,049005L,028017C,042966X,006039K,009999R,019998Q,,,,,,,,,,,,,,,,,,,,,,,,,,,,,,,,,,,,,,,,,,,,,,,,,,,,,,,,,,-1,-1,-1,-1,-1
253647,049995T,059994L,039996Z,008019M,050985J,031977B,055044K,022968C,020988N,043956V,,,,,,,,,,,,,,,,,,,,,,,,,,,,,,,,,,,,,,,,,,,,,,,,,,,,,,,,,,-1,-1,-1,-1,-1
153648,063954D,005049G,033957W,041976M,051975K,021978L,031977B,016929M,013068T,076923I,,,,,,,,,,,,,,,,,,,,,,,,,,,,,,,,,,,,,,,,,,,,,,,,,,,,,,,,,,-1,-1,-1,-1,-1
143658,066033F,039996Z,032967I,050985J,008019M,012969C,053955S,030987T,020988N,022968C,,,,,,,,,,,,,,,,,,,,,,,,,,,,,,,,,,,,,,,,,,,,,,,,,,,,,,,,,,-1,-1,-1,-1,-1
56340,075933R,019008L,045936K,018018Y,011979F,052965I,068013X,010989C,002079M,035937Z,,,,,,,,,,,,,,,,,,,,,,,,,,,,,,,,,,,,,,,,,,,,,,,,,,,,,,,,,,-1,-1,-1,-1,-1
456336,029007O,050985J,008019M,036927A,035937Z,055935U,006039K,026928F,048015U,028017C,,,,,,,,,,,,,,,,,,,,,,,,,,,,,,,,,,,,,,,,,,,,,,,,,,,,,,,,,,-1,-1,-1,-1,-1
132669,020988N,034947C,052965I,043956V,004059Z,014058M,027918S,012969C,046926Q,009999R,,,,,,,,,,,,,,,,,,,,,,,,,,,,,,,,,,,,,,,,,,,,,,,,,,,,,,,,,,-1,-1,-1,-1,-1
522675,020988N,070983K,010989C,008019M,000990Z,060984A,045045G,013068T,043956V,031977B,,,,,,,,,,,,,,,,,,,,,,,,,,,,,,,,,,,,,,,,,,,,,,,,,,,,,,,,,,-1,-1,-1,-1,-1
102699,010989C,070983K,012969C,004950L,024948Y,002970E,044946T,015939V,000000C,019998Q,,,,,,,,,,,,,,,,,,,,,,,,,,,,,,,,,,,,,,,,,,,,,,,,,,,,,,,,,,035046W,-1,-1,-1,-1
2700,076923I,055935U,035937Z,050985J,014058M,021978L,011979F,010989C,075933R,000990Z,,,,,,,,,,,,,,,,,,,,,,,,,,,,,,,,,,,,,,,,,,,,,,,,,,,,,,,,,,-1,-1,-1,-1,-1
382716,066033F,007029N,013068T,035937Z,053955S,056925W,002970E,010989C,029997N,019008L,,,,,,,,,,,,,,,,,,,,,,,,,,,,,,,,,,,,,,,,,,,,,,,,,,,,,,,,,,-1,-1,-1,-1,-1
17280,032967I,009999R,039006S,019008L,052965I,006039K,043956V,011979F,002970E,044055K,,,,,,,,,,,,,,,,,,,,,,,,,,,,,,,,,,,,,,,,,,,,,,,,,,,,,,,,,,-1,-1,-1,-1,-1
241857,012969C,055935U,035937Z,010989C,011979F,024948Y,074943W,028017C,053955S,065934P,,,,,,,,,,,,,,,,,,,,,,,,,,,,,,,,,,,,,,,,,,,,,,,,,,,,,,,,,,-1,-1,-1,-1,-1
130869,042966X,006039K,009999R,052965I,018018Y,000000C,053955S,062964J,069003V,023958Y,,,,,,,,,,,,,,,,,,,,,,,,,,,,,,,,,,,,,,,,,,,,,,,,,,,,,,,,,,-1,-1,-1,-1,-1
30870,055044K,022968C,020988N,003069E,075933R,064944H,027918S,010989C,036927A,009009S,,,,,,,,,,,,,,,,,,,,,,,,,,,,,,,,,,,,,,,,,,,,,,,,,,,,,,,,,,-1,-1,-1,-1,-1
429966,031977B,016929M,013068T,049005L,062964J,053955S,043956V,051975K,033066P,054054O,,,,,,,,,,,,,,,,,,,,,,,,,,,,,,,,,,,,,,,,,,,,,,,,,,,,,,,,,,-1,-1,-1,-1,-1
140058,053955S,030987T,020988N,041976M,015939V,005940K,003960A,051975K,040986Z,006930A,,,,,,,,,,,,,,,,,,,,,,,,,,,,,,,,,,,,,,,,,,,,,,,,,,,,,,,,,,-1,-1,-1,-1,-1
459936,068013X,010989C,002079M,081972Z,021978L,005940K,080982S,026928F,009999R,036036V,,,,,,,,,,,,,,,,,,,,,,,,,,,,,,,,,,,,,,,,,,,,,,,,,,,,,,,,,,-1,-1,-1,-1,-1
140859,006039K,026928F,048015U,021978L,063954D,018018Y,067914I,022968C,050985J,020988N,,,,,,,,,,,,,,,,,,,,,,,,,,,,,,,,,,,,,,,,,,,,,,,,,,,,,,,,,,-1,-1,-1,-1,-1
237168,027918S,012969C,046926Q,016038G,001980G,052965I,037917H,003069E,067914I,028017C,,,,,,,,,,,,,,,,,,,,,,,,,,,,,,,,,,,,,,,,,,,,,,,,,,,,,,,,,,-1,-1,-1,-1,-1
162828,045045G,013068T,043956V,000990Z,016038G,006039K,026928F,019008L,015939V,045936K,,,,,,,,,,,,,,,,,,,,,,,,,,,,,,,,,,,,,,,,,,,,,,,,,,,,,,,,,,-1,-1,-1,-1,-1
227178,044946T,015939V,000000C,079992P,073953I,048015U,051975K,024948Y,066924T,056925W,,,,,,,,,,,,,,,,,,,,,,,,,,,,,,,,,,,,,,,,,,,,,,,,,,,,,,,,,,-1,-1,-1,-1,-1
27180,011979F,010989C,075933R,010989C,064944H,012969C,000000C,047916C,041976M,020988N,,,,,,,,,,,,,,,,,,,,,,,,,,,,,,,,,,,,,,,,,,,,,,,,,,,,,,,,,,-1,-1,-1,-1,-1
297207,002970E,010989C,029997N,000990Z,016038G,006039K,026928F,019008L,015939V,045936K,,,,,,,,,,,,,,,,,,,,,,,,,,,,,,,,,,,,,,,,,,,,,,,,,,,,,,,,,,-1,-1,-1,-1,-1
2790,043956V,011979F,002970E,POST,023958Y,033957W,073953I,009009S,044946T,012078F,,,,,,,,,,,,,,,,,,,,,,,,,,,,,,,,,,,,,,,,,,,,,,,,,,,,,,,,,,-1,-1,-1,-1,-1
412776,074943W,028017C,053955S,029997N,066924T,035937Z,011979F,025938M,065934P,013068T,,,,,,,,,,,,,,,,,,,,,,,,,,,,,,,,,,,,,,,,,,,,,,,,,,,,,,,,,,-1,-1,-1,-1,-1
142749,053955S,062964J,069003V,023958Y,002970E,018018Y,059004B,049005L,044946T,014949S,,,,,,,,,,,,,,,,,,,,,,,,,,,,,,,,,,,,,,,,,,,,,,,,,,,,,,,,,,-1,-1,-1,-1,-1
147258,027918S,010989C,036927A,002079M,045936K,031977B,041976M,005940K,073953I,006039K,,,,,,,,,,,,,,,,,,,,,,,,,,,,,,,,,,,,,,,,,,,,,,,,,,,,,,,,,,-1,-1,-1,-1,-1
36270,043956V,051975K,033066P,000000C,031977B,058014M,011979F,016038G,070983K,061974D,,,,,,,,,,,,,,,,,,,,,,,,,,,,,,,,,,,,,,,,,,,,,,,,,,,,,,,,,,-1,-1,-1,-1,-1
163728,003960A,051975K,040986Z,075933R,066924T,020988N,005049G,024948Y,061974D,074943W,,,,,,,,,,,,,,,,,,,,,,,,,,,,,,,,,,,,,,,,,,,,,,,,,,,,,,,,,,-1,-1,-1,-1,-1
273717,080982S,026928F,009999R,011979F,010989C,000990Z,036927A,009009S,048015U,016038G,,,,,,,,,,,,,,,,,,,,,,,,,,,,,,,,,,,,,,,,,,,,,,,,,,,,,,,,,,-1,-1,-1,-1,-1
333657,067914I,022968C,050985J,035046W,037917H,028017C,061974D,011979F,024948Y,005940K,,,,,,,,,,,,,,,,,,,,,,,,,,,,,,,,,,,,,,,,,,,,,,,,,,,,,,,,,,-1,-1,-1,-1,-1
433656,037917H,003069E,067914I,072963V,030987T,013068T,036927A,046926Q,019008L,014058M,,,,,,,,,,,,,,,,,,,,,,,,,,,,,,,,,,,,,,,,,,,,,,,,,,,,,,,,,,-1,-1,-1,-1,-1
256347,026928F,019008L,015939V,036927A,017028O,033957W,071973D,075933R,001980G,028017C,,,,,,,,,,,,,,,,,,,,,,,,,,,,,,,,,,,,,,,,,,,,,,,,,,,,,,,,,,-1,-1,-1,-1,-1
43650,051975K,024948Y,066924T,073953I,015048E,009999R,003069E,071973D,062964J,017028O,,,,,,,,,,,,,,,,,,,,,,,,,,,,,,,,,,,,,,,,,,,,,,,,,,,,,,,,,,-1,-1,-1,-1,-1
243648,021978L,053955S,073953I,045936K,019008L,058014M,063954D,060984A,003069E,044055K,,,,,,,,,,,,,,,,,,,,,,,,,,,,,,,,,,,,,,,,,,,,,,,,,,,,,,,,,,-1,-1,-1,-1,-1
343647,049005L,021978L,062964J,038016P,061974D,073953I,052965I,031977B,055935U,025938M,,,,,,,,,,,,,,,,,,,,,,,,,,,,,,,,,,,,,,,,,,,,,,,,,,,,,,,,,,-1,-1,-1,-1,-1
535365,077913E,008019M,011979F,006039K,009999R,002079M,029997N,005940K,042966X,023958Y,,,,,,,,,,,,,,,,,,,,,,,,,,,,,,,,,,,,,,,,,,,,,,,,,,,,,,,,,,-1,-1,-1,-1,-1
164628,051975K,041976M,061974D,031977B,000000C,044946T,035937Z,010989C,016929M,075933R,,,,,,,,,,,,,,,,,,,,,,,,,,,,,,,,,,,,,,,,,,,,,,,,,,,,,,,,,,-1,-1,-1,-1,-1
264627,073953I,016038G,076923I,063954D,013068T,055935U,017028O,004950L,071973D,018018Y,,,,,,,,,,,,,,,,,,,,,,,,,,,,,,,,,,,,,,,,,,,,,,,,,,,,,,,,,,-1,-1,-1,-1,-1
74619,055935U,003069E,001980G,043956V,009999R,010989C,056925W,015939V,000000C,004059Z,,,,,,,,,,,,,,,,,,,,,,,,,,,,,,,,,,,,,,,,,,,,,,,,,,,,,,,,,,-1,-1,-1,-1,-1
455445,012969C,004059Z,015939V,005940K,075933R,065934P,069993T,023958Y,044055K,-1,,,,,,,,,,,,,,,,,,,,,,,,,,,,,,,,,,,,,,,,,,,,,,,,,,,,,,,,,,-1,-1,-1,-1,-1
225468,068013X,039006S,054945F,060984A,075933R,003069E,039996Z,019998Q,029997N,016038G,,,,,,,,,,,,,,,,,,,,,,,,,,,,,,,,,,,,,,,,,,,,,,,,,,,,,,,,,,-1,-1,-1,-1,-1
135459,061974D,006930A,060984A,049995T,076923I,052965I,026928F,073953I,018018Y,029007O,,,,,,,,,,,,,,,,,,,,,,,,,,,,,,,,,,,,,,,,,,,,,,,,,,,,,,,,,,-1,-1,-1,-1,-1
335457,049005L,003069E,068013X,051975K,048015U,020988N,004059Z,024948Y,015939V,017028O,,,,,,,,,,,,,,,,,,,,,,,,,,,,,,,,,,,,,,,,,,,,,,,,,,,,,,,,,,-1,-1,-1,-1,-1
255438,019998Q,029997N,014949S,072963V,013068T,003069E,046926Q,036927A,071973D,022968C,,,,,,,,,,,,,,,,,,,,,,,,,,,,,,,,,,,,,,,,,,,,,,,,,,,,,,,,,,-1,-1,-1,-1,-1
366426,069993T,039996Z,035046W,029997N,033066P,001980G,019998Q,011979F,043956V,037917H,,,,,,,,,,,,,,,,,,,,,,,,,,,,,,,,,,,,,,,,,,,,,,,,,,,,,,,,,,-1,-1,-1,-1,-1
196398,068013X,053955S,049995T,032967I,054945F,069003V,059004B,000000C,073953I,013068T,,,,,,,,,,,,,,,,,,,,,,,,,,,,,,,,,,,,,,,,,,,,,,,,,,,,,,,,,,-1,-1,-1,-1,-1
502695,019008L,015048E,009999R,072963V,005049G,065934P,043956V,014949S,011979F,003069E,,,,,,,,,,,,,,,,,,,,,,,,,,,,,,,,,,,,,,,,,,,,,,,,,,,,,,,,,,-1,-1,-1,-1,-1
91809,063954D,035937Z,009999R,019998Q,061974D,081972Z,060984A,010989C,030987T,002970E,,,,,,,,,,,,,,,,,,,,,,,,,,,,,,,,,,,,,,,,,,,,,,,,,,,,,,,,,,-1,-1,-1,-1,-1
208188,004059Z,002970E,028017C,031977B,002970E,011979F,013959S,063954D,044946T,009999R,,,,,,,,,,,,,,,,,,,,,,,,,,,,,,,,,,,,,,,,,,,,,,,,,,,,,,,,,,-1,-1,-1,-1,-1
481815,063954D,020988N,070983K,039996Z,059994L,074943W,049005L,071973D,007029N,022968C,,,,,,,,,,,,,,,,,,,,,,,,,,,,,,,,,,,,,,,,,,,,,,,,,,,,,,,,,,-1,-1,-1,-1,-1
438156,030987T,055935U,025938M,075933R,068904W,003960A,001980G,023958Y,031977B,061974D,,,,,,,,,,,,,,,,,,,,,,,,,,,,,,,,,,,,,,,,,,,,,,,,,,,,,,,,,,-1,-1,-1,-1,-1
520875,005940K,015048E,039006S,042966X,017028O,070983K,061974D,001980G,009999R,039996Z,,,,,,,,,,,,,,,,,,,,,,,,,,,,,,,,,,,,,,,,,,,,,,,,,,,,,,,,,,-1,-1,-1,-1,-1
480015,009999R,039996Z,019008L,048015U,063954D,003960A,054945F,055044K,043956V,079992P,,,,,,,,,,,,,,,,,,,,,,,,,,,,,,,,,,,,,,,,,,,,,,,,,,,,,,,,,,-1,-1,-1,-1,-1
149949,066924T,013959S,020988N,030987T,056925W,076923I,053955S,049995T,032967I,026928F,,,,,,,,,,,,,,,,,,,,,,,,,,,,,,,,,,,,,,,,,,,,,,,,,,,,,,,,,,-1,-1,-1,-1,-1
138069,076923I,019998Q,014058M,044946T,012078F,029007O,015048E,009999R,072963V,007029N,,,,,,,,,,,,,,,,,,,,,,,,,,,,,,,,,,,,,,,,,,,,,,,,,,,,,,,,,,-1,-1,-1,-1,-1
61929,014949S,002970E,013068T,004950L,020988N,010989C,035937Z,009999R,019998Q,030987T,,,,,,,,,,,,,,,,,,,,,,,,,,,,,,,,,,,,,,,,,,,,,,,,,,,,,,,,,,-1,-1,-1,-1,-1
161928,017028O,022968C,023958Y,038016P,020988N,012969C,002970E,028017C,031977B,003069E,,,,,,,,,,,,,,,,,,,,,,,,,,,,,,,,,,,,,,,,,,,,,,,,,,,,,,,,,,-1,-1,-1,-1,-1
28080,036927A,026928F,002970E,010989C,003960A,013068T,000990Z,019008L,019998Q,020988N,,,,,,,,,,,,,,,,,,,,,,,,,,,,,,,,,,,,,,,,,,,,,,,,,,,,,,,,,,-1,-1,-1,-1,-1
71919,019998Q,073953I,000000C,059994L,069993T,032967I,055935U,016929M,031977B,041976M,,,,,,,,,,,,,,,,,,,,,,,,,,,,,,,,,,,,,,,,,,,,,,,,,,,,,,,,,,-1,-1,-1,-1,-1
508095,070983K,019008L,036927A,052965I,009999R,019998Q,056925W,035046W,002970E,075933R,,,,,,,,,,,,,,,,,,,,,,,,,,,,,,,,,,,,,,,,,,,,,,,,,,,,,,,,,,-1,-1,-1,-1,-1
291897,058014M,021978L,065043Y,010989C,049005L,019008L,008019M,062964J,070983K,059004B,,,,,,,,,,,,,,,,,,,,,,,,,,,,,,,,,,,,,,,,,,,,,,,,,,,,,,,,,,-1,-1,-1,-1,-1
498105,049005L,069003V,039006S,071973D,015048E,033066P,074943W,049995T,046926Q,015939V,,,,,,,,,,,,,,,,,,,,,,,,,,,,,,,,,,,,,,,,,,,,,,,,,,,,,,,,,,-1,-1,-1,-1,-1
198108,019998Q,069003V,031977B,025938M,003960A,050985J,008019M,020988N,009999R,000990Z,,,,,,,,,,,,,,,,,,,,,,,,,,,,,,,,,,,,,,,,,,,,,,,,,,,,,,,,,,-1,-1,-1,-1,-1
411876,000000C,072963V,045936K,037026J,060984A,006039K,020988N,014949S,008019M,061974D,,,,,,,,,,,,,,,,,,,,,,,,,,,,,,,,,,,,,,,,,,,,,,,,,,,,,,,,,,-1,-1,-1,-1,-1
468135,046926Q,013068T,-1,-1,-1,-1,-1,-1,-1,-1,,,,,,,,,,,,,,,,,,,,,,,,,,,,,,,,,,,,,,,,,,,,,,,,,,,,,,,,,,-1,-1,-1,-1,-1
331857,032967I,062964J,043956V,019008L,064944H,029997N,034056H,001980G,011979F,023958Y,,,,,,,,,,,,,,,,,,,,,,,,,,,,,,,,,,,,,,,,,,,,,,,,,,,,,,,,,,-1,-1,-1,-1,-1
241848,079002G,066924T,016038G,014058M,064944H,031977B,-1,-1,-1,-1,,,,,,,,,,,,,,,,,,,,,,,,,,,,,,,,,,,,,,,,,,,,,,,,,,,,,,,,,,-1,-1,-1,-1,-1
441846,069003V,005049G,052965I,061974D,019008L,020988N,026928F,015939V,005940K,065043Y,,,,,,,,,,,,,,,,,,,,,,,,,,,,,,,,,,,,,,,,,,,,,,,,,,,,,,,,,,-1,-1,-1,-1,-1
51840,061974D,019008L,030987T,077022O,060984A,036927A,040986Z,-1,-1,-1,,,,,,,,,,,,,,,,,,,,,,,,,,,,,,,,,,,,,,,,,,,,,,,,,,,,,,,,,,-1,-1,-1,-1,-1
477225,064944H,074943W,014058M,072963V,032967I,051975K,018018Y,-1,-1,-1,,,,,,,,,,,,,,,,,,,,,,,,,,,,,,,,,,,,,,,,,,,,,,,,,,,,,,,,,,-1,-1,-1,-1,-1
126279,060984A,064944H,012969C,027918S,048015U,039996Z,010989C,009009S,019008L,053955S,,,,,,,,,,,,,,,,,,,,,,,,,,,,,,,,,,,,,,,,,,,,,,,,,,,,,,,,,,-1,-1,-1,-1,-1
376326,032967I,009009S,063954D,066924T,036036V,070983K,075933R,047025C,075042F,029997N,,,,,,,,,,,,,,,,,,,,,,,,,,,,,,,,,,,,,,,,,,,,,,,,,,,,,,,,,,-1,-1,-1,-1,-1
46359,044946T,019998Q,020988N,039006S,002079M,071973D,062964J,048015U,080982S,054945F,,,,,,,,,,,,,,,,,,,,,,,,,,,,,,,,,,,,,,,,,,,,,,,,,,,,,,,,,,-1,-1,-1,-1,-1
274617,065043Y,006930A,012969C,019998Q,076923I,056925W,042966X,009009S,057024E,004059Z,,,,,,,,,,,,,,,,,,,,,,,,,,,,,,,,,,,,,,,,,,,,,,,,,,,,,,,,,,-1,-1,-1,-1,-1
454545,003069E,029997N,018018Y,008019M,001980G,015048E,016929M,-1,-1,-1,,,,,,,,,,,,,,,,,,,,,,,,,,,,,,,,,,,,,,,,,,,,,,,,,,,,,,,,,,-1,-1,-1,-1,-1
354546,024948Y,066924T,046926Q,026928F,016038G,074943W,015048E,062964J,035046W,059004B,,,,,,,,,,,,,,,,,,,,,,,,,,,,,,,,,,,,,,,,,,,,,,,,,,,,,,,,,,-1,-1,-1,-1,-1
445446,065934P,031977B,036036V,064944H,005049G,063954D,014949S,054945F,073953I,009999R,,,,,,,,,,,,,,,,,,,,,,,,,,,,,,,,,,,,,,,,,,,,,,,,,,,,,,,,,,-1,-1,-1,-1,-1
307287,003069E,009009S,035937Z,079992P,019008L,073953I,018018Y,033957W,048015U,000000C,,,,,,,,,,,,,,,,,,,,,,,,,,,,,,,,,,,,,,,,,,,,,,,,,,,,,,,,,,-1,-1,-1,-1,-1
459135,052965I,015939V,002970E,023958Y,056925W,019998Q,054945F,036927A,080982S,010989C,,,,,,,,,,,,,,,,,,,,,,,,,,,,,,,,,,,,,,,,,,,,,,,,,,,,,,,,,,-1,-1,-1,-1,-1
259137,039006S,015939V,019998Q,008019M,036927A,071973D,041976M,000000C,002970E,029997N,,,,,,,,,,,,,,,,,,,,,,,,,,,,,,,,,,,,,,,,,,,,,,,,,,,,,,,,,,-1,-1,-1,-1,-1
59139,005940K,036036V,050985J,000990Z,061974D,001980G,065934P,052965I,036927A,082962O,,,,,,,,,,,,,,,,,,,,,,,,,,,,,,,,,,,,,,,,,,,,,,,,,,,,,,,,,,-1,-1,-1,-1,-1
313587,006039K,010989C,063954D,042966X,006930A,049995T,054945F,000000C,049005L,059994L,,,,,,,,,,,,,,,,,,,,,,,,,,,,,,,,,,,,,,,,,,,,,,,,,,,,,,,,,,-1,-1,-1,-1,-1
476415,003069E,006930A,009999R,068013X,002970E,003960A,019008L,057024E,043956V,013068T,,,,,,,,,,,,,,,,,,,,,,,,,,,,,,,,,,,,,,,,,,,,,,,,,,,,,,,,,,-1,-1,-1,-1,-1
466425,009999R,073953I,006930A,003069E,076032R,039996Z,061974D,001980G,031977B,060984A,,,,,,,,,,,,,,,,,,,,,,,,,,,,,,,,,,,,,,,,,,,,,,,,,,,,,,,,,,-1,-1,-1,-1,-1
443556,003069E,010989C,043956V,075933R,034056H,029007O,046926Q,009999R,005049G,017028O,,,,,,,,,,,,,,,,,,,,,,,,,,,,,,,,,,,,,,,,,,,,,,,,,,,,,,,,,,-1,-1,-1,-1,-1
525465,017028O,076032R,060984A,010989C,019998Q,000000C,070983K,075933R,055935U,035937Z,,,,,,,,,,,,,,,,,,,,,,,,,,,,,,,,,,,,,,,,,,,,,,,,,,,,,,,,,,-1,-1,-1,-1,-1
483705,009009S,000990Z,015939V,061974D,063954D,043956V,049995T,070983K,029007O,009999R,,,,,,,,,,,,,,,,,,,,,,,,,,,,,,,,,,,,,,,,,,,,,,,,,,,,,,,,,,-1,-1,-1,-1,-1
453735,009999R,005940K,070983K,051975K,008019M,055044K,000000C,060984A,031977B,015048E,,,,,,,,,,,,,,,,,,,,,,,,,,,,,,,,,,,,,,,,,,,,,,,,,,,,,,,,,,-1,-1,-1,-1,-1
532755,035937Z,015939V,054945F,064944H,002970E,013959S,018018Y,055935U,009999R,069003V,,,,,,,,,,,,,,,,,,,,,,,,,,,,,,,,,,,,,,,,,,,,,,,,,,,,,,,,,,-1,-1,-1,-1,-1
122769,020988N,004950L,025938M,034947C,074052E,029997N,014058M,001980G,055935U,045936K,,,,,,,,,,,,,,,,,,,,,,,,,,,,,,,,,,,,,,,,,,,,,,,,,,,,,,,,,,-1,-1,-1,-1,-1
177228,052965I,054054O,033066P,017028O,034056H,049005L,026928F,060984A,033957W,023958Y,,,,,,,,,,,,,,,,,,,,,,,,,,,,,,,,,,,,,,,,,,,,,,,,,,,,,,,,,,-1,-1,-1,-1,-1
302787,063954D,030987T,073953I,054945F,020988N,017028O,031977B,011979F,048015U,049995T,,,,,,,,,,,,,,,,,,,,,,,,,,,,,,,,,,,,,,,,,,,,,,,,,,,,,,,,,,-1,-1,-1,-1,-1
102789,019998Q,005940K,002970E,046926Q,052965I,066924T,076923I,054054O,023958Y,036927A,,,,,,,,,,,,,,,,,,,,,,,,,,,,,,,,,,,,,,,,,,,,,,,,,,,,,,,,,,-1,-1,-1,-1,-1
17190,002970E,024948Y,014058M,043956V,021978L,011979F,042966X,053955S,019008L,025938M,,,,,,,,,,,,,,,,,,,,,,,,,,,,,,,,,,,,,,,,,,,,,,,,,,,,,,,,,,-1,-1,-1,-1,-1
317187,020988N,041976M,039996Z,059994L,029997N,069993T,030987T,008019M,001980G,021978L,,,,,,,,,,,,,,,,,,,,,,,,,,,,,,,,,,,,,,,,,,,,,,,,,,,,,,,,,,-1,-1,-1,-1,-1
218088,031977B,061974D,060984A,021978L,056925W,036927A,002970E,008019M,045045G,022968C,,,,,,,,,,,,,,,,,,,,,,,,,,,,,,,,,,,,,,,,,,,,,,,,,,,,,,,,,,-1,-1,-1,-1,-1
151938,019008L,013068T,009009S,008019M,009999R,059994L,016038G,037917H,057915J,033957W,,,,,,,,,,,,,,,,,,,,,,,,,,,,,,,,,,,,,,,,,,,,,,,,,,,,,,,,,,-1,-1,-1,-1,-1
51939,003960A,051975K,019998Q,008019M,036927A,071973D,041976M,076923I,014058M,061974D,,,,,,,,,,,,,,,,,,,,,,,,,,,,,,,,,,,,,,,,,,,,,,,,,,,,,,,,,,-1,-1,-1,-1,-1
341946,009009S,033066P,050985J,000990Z,061974D,001980G,065934P,036927A,021978L,045936K,,,,,,,,,,,,,,,,,,,,,,,,,,,,,,,,,,,,,,,,,,,,,,,,,,,,,,,,,,-1,-1,-1,-1,-1
241947,046926Q,040986Z,063954D,042966X,006930A,049995T,054945F,064944H,076923I,002970E,,,,,,,,,,,,,,,,,,,,,,,,,,,,,,,,,,,,,,,,,,,,,,,,,,,,,,,,,,-1,-1,-1,-1,-1
58050,008019M,009009S,009999R,068013X,002970E,003960A,019008L,050985J,054945F,003069E,,,,,,,,,,,,,,,,,,,,,,,,,,,,,,,,,,,,,,,,,,,,,,,,,,,,,,,,,,-1,-1,-1,-1,-1
540855,001980G,013959S,006930A,003069E,076032R,039996Z,061974D,065934P,007029N,055044K,,,,,,,,,,,,,,,,,,,,,,,,,,,,,,,,,,,,,,,,,,,,,,,,,,,,,,,,,,-1,-1,-1,-1,-1
243558,066924T,074943W,013068T,015048E,017028O,041085J,021087C,016929M,048015U,049995T,,,,,,,,,,,,,,,,,,,,,,,,,,,,,,,,,,,,,,,,,,,,,,,,,,,,,,,,,,-1,-1,-1,-1,-1
46449,009999R,021978L,063954D,010989C,009009S,045936K,048015U,066924T,062964J,007029N,,,,,,,,,,,,,,,,,,,,,,,,,,,,,,,,,,,,,,,,,,,,,,,,,,,,,,,,,,-1,-1,-1,-1,-1
155538,063954D,015048E,004950L,046926Q,010989C,000990Z,009009S,027027P,018018Y,067914I,,,,,,,,,,,,,,,,,,,,,,,,,,,,,,,,,,,,,,,,,,,,,,,,,,,,,,,,,,-1,-1,-1,-1,-1
144459,019998Q,029997N,009009S,006930A,037917H,035046W,015048E,001980G,020988N,002970E,,,,,,,,,,,,,,,,,,,,,,,,,,,,,,,,,,,,,,,,,,,,,,,,,,,,,,,,,,-1,-1,-1,-1,-1
524565,018018Y,025938M,013068T,011979F,014058M,019998Q,056925W,073953I,015048E,029997N,,,,,,,,,,,,,,,,,,,,,,,,,,,,,,,,,,,,,,,,,,,,,,,,,,,,,,,,,,-1,-1,-1,-1,-1
144648,077022O,036927A,030987T,079002G,036036V,008019M,015939V,054945F,000000C,005049G,,,,,,,,,,,,,,,,,,,,,,,,,,,,,,,,,,,,,,,,,,,,,,,,,,,,,,,,,,-1,-1,-1,-1,-1
493695,018018Y,011979F,052965I,037026J,073953I,005049G,043956V,007029N,033957W,003960A,,,,,,,,,,,,,,,,,,,,,,,,,,,,,,,,,,,,,,,,,,,,,,,,,,,,,,,,,,-1,-1,-1,-1,-1
372816,063954D,061974D,027918S,040986Z,009999R,000990Z,007029N,009009S,019008L,017028O,,,,,,,,,,,,,,,,,,,,,,,,,,,,,,,,,,,,,,,,,,,,,,,,,,,,,,,,,,-1,-1,-1,-1,-1
72819,009999R,043956V,000000C,001980G,065043Y,019998Q,009009S,061974D,022968C,005940K,,,,,,,,,,,,,,,,,,,,,,,,,,,,,,,,,,,,,,,,,,,,,,,,,,,,,,,,,,-1,-1,-1,-1,-1
52839,016929M,006930A,020988N,023958Y,019008L,002970E,013959S,070983K,041976M,031977B,,,,,,,,,,,,,,,,,,,,,,,,,,,,,,,,,,,,,,,,,,,,,,,,,,,,,,,,,,-1,-1,-1,-1,-1
447156,052965I,081972Z,071973D,017028O,014949S,079002G,055044K,083952C,043956V,049995T,,,,,,,,,,,,,,,,,,,,,,,,,,,,,,,,,,,,,,,,,,,,,,,,,,,,,,,,,,-1,-1,-1,-1,-1
41760,013959S,041976M,042966X,018018Y,064944H,076923I,037917H,011979F,013068T,059994L,,,,,,,,,,,,,,,,,,,,,,,,,,,,,,,,,,,,,,,,,,,,,,,,,,,,,,,,,,-1,-1,-1,-1,-1
538155,015939V,010989C,009999R,065043Y,035937Z,015048E,037917H,065934P,021978L,011979F,,,,,,,,,,,,,,,,,,,,,,,,,,,,,,,,,,,,,,,,,,,,,,,,,,,,,,,,,,-1,-1,-1,-1,-1
138159,044946T,013959S,009009S,033957W,023958Y,079992P,053955S,004059Z,059994L,038016P,,,,,,,,,,,,,,,,,,,,,,,,,,,,,,,,,,,,,,,,,,,,,,,,,,,,,,,,,,-1,-1,-1,-1,-1
206388,037917H,022968C,045936K,065934P,006930A,000000C,026928F,074943W,024948Y,076923I,,,,,,,,,,,,,,,,,,,,,,,,,,,,,,,,,,,,,,,,,,,,,,,,,,,,,,,,,,-1,-1,-1,-1,-1
93609,064944H,009999R,005049G,026928F,025938M,079002G,044946T,054054O,033066P,058014M,,,,,,,,,,,,,,,,,,,,,,,,,,,,,,,,,,,,,,,,,,,,,,,,,,,,,,,,,,-1,-1,-1,-1,-1
513675,013959S,009999R,010989C,076923I,029007O,019998Q,033066P,054054O,030987T,004059Z,,,,,,,,,,,,,,,,,,,,,,,,,,,,,,,,,,,,,,,,,,,,,,,,,,,,,,,,,,-1,-1,-1,-1,-1
456246,007920Z,010989C,002970E,023958Y,018018Y,013068T,029997N,042966X,063954D,001980G,,,,,,,,,,,,,,,,,,,,,,,,,,,,,,,,,,,,,,,,,,,,,,,,,,,,,,,,,,-1,-1,-1,-1,-1
158238,000000C,009999R,013959S,016038G,023958Y,003069E,001980G,066924T,043956V,056925W,,,,,,,,,,,,,,,,,,,,,,,,,,,,,,,,,,,,,,,,,,,,,,,,,,,,,,,,,,-1,-1,-1,-1,-1
258237,054945F,079002G,009999R,016929M,012969C,033957W,052965I,061974D,026928F,009009S,,,,,,,,,,,,,,,,,,,,,,,,,,,,,,,,,,,,,,,,,,,,,,,,,,,,,,,,,,-1,-1,-1,-1,-1
451746,030987T,070983K,032967I,006039K,010989C,014058M,075933R,074052E,016929M,053955S,,,,,,,,,,,,,,,,,,,,,,,,,,,,,,,,,,,,,,,,,,,,,,,,,,,,,,,,,,-1,-1,-1,-1,-1
437256,027027P,029997N,039996Z,010989C,045936K,016929M,019008L,002970E,074943W,029007O,,,,,,,,,,,,,,,,,,,,,,,,,,,,,,,,,,,,,,,,,,,,,,,,,,,,,,,,,,-1,-1,-1,-1,-1
156438,045936K,009999R,001980G,056925W,041976M,031977B,036927A,026928F,006930A,050985J,,,,,,,,,,,,,,,,,,,,,,,,,,,,,,,,,,,,,,,,,,,,,,,,,,,,,,,,,,-1,-1,-1,-1,-1
265437,038016P,013068T,005049G,069993T,019008L,054054O,040986Z,070983K,014949S,049995T,,,,,,,,,,,,,,,,,,,,,,,,,,,,,,,,,,,,,,,,,,,,,,,,,,,,,,,,,,-1,-1,-1,-1,-1
124569,019008L,009009S,006930A,073953I,070983K,003960A,029997N,052965I,032967I,049005L,,,,,,,,,,,,,,,,,,,,,,,,,,,,,,,,,,,,,,,,,,,,,,,,,,,,,,,,,,-1,-1,-1,-1,-1
143559,061974D,071973D,017028O,012969C,022968C,036927A,056925W,037026J,035046W,009999R,,,,,,,,,,,,,,,,,,,,,,,,,,,,,,,,,,,,,,,,,,,,,,,,,,,,,,,,,,-1,-1,-1,-1,-1
544455,020988N,008019M,019998Q,016038G,016929M,000000C,048015U,075933R,002970E,015939V,,,,,,,,,,,,,,,,,,,,,,,,,,,,,,,,,,,,,,,,,,,,,,,,,,,,,,,,,,-1,-1,-1,-1,-1
493605,052965I,065934P,035937Z,042966X,077022O,039996Z,009999R,069003V,063954D,008019M,,,,,,,,,,,,,,,,,,,,,,,,,,,,,,,,,,,,,,,,,,,,,,,,,,,,,,,,,,-1,-1,-1,-1,-1
355446,013068T,020988N,042966X,032967I,025938M,014058M,003960A,063954D,016929M,006930A,,,,,,,,,,,,,,,,,,,,,,,,,,,,,,,,,,,,,,,,,,,,,,,,,,,,,,,,,,-1,-1,-1,-1,-1
513585,053955S,036927A,003069E,013959S,050985J,011979F,048015U,075933R,019998Q,009999R,,,,,,,,,,,,,,,,,,,,,,,,,,,,,,,,,,,,,,,,,,,,,,,,,,,,,,,,,,-1,-1,-1,-1,-1
44550,012969C,009009S,020988N,027918S,019998Q,011979F,061974D,031977B,074943W,040986Z,,,,,,,,,,,,,,,,,,,,,,,,,,,,,,,,,,,,,,,,,,,,,,,,,,,,,,,,,,-1,-1,-1,-1,-1
244548,061974D,049995T,016929M,050985J,028017C,026928F,013959S,043956V,041976M,033957W,,,,,,,,,,,,,,,,,,,,,,,,,,,,,,,,,,,,,,,,,,,,,,,,,,,,,,,,,,-1,-1,-1,-1,-1
152838,033066P,022968C,052965I,018018Y,081972Z,029007O,079992P,025938M,076923I,035046W,,,,,,,,,,,,,,,,,,,,,,,,,,,,,,,,,,,,,,,,,,,,,,,,,,,,,,,,,,-1,-1,-1,-1,-1
282807,000000C,033957W,061974D,007029N,009999R,076032R,049005L,021978L,001980G,067023I,,,,,,,,,,,,,,,,,,,,,,,,,,,,,,,,,,,,,,,,,,,,,,,,,,,,,,,,,,-1,-1,-1,-1,-1
251937,003069E,009009S,021978L,045936K,025938M,074943W,037026J,018909H,013068T,000990Z,,,,,,,,,,,,,,,,,,,,,,,,,,,,,,,,,,,,,,,,,,,,,,,,,,,,,,,,,,-1,-1,-1,-1,-1
418086,032967I,056925W,008019M,032967I,-1,-1,-1,065934P,074052E,006930A,,,,,,,,,,,,,,,,,,,,,,,,,,,,,,,,,,,,,,,,,,,,,,,,,,,,,,,,,,-1,-1,-1,-1,-1
267237,033957W,052965I,019998Q,017028O,006930A,003069E,060984A,012078F,074943W,061974D,,,,,,,,,,,,,,,,,,,,,,,,,,,,,,,,,,,,,,,,,,,,,,,,,,,,,,,,,,-1,-1,-1,-1,-1
257247,032967I,042966X,021978L,062964J,042966X,049995T,059004B,068013X,009009S,059004B,,,,,,,,,,,,,,,,,,,,,,,,,,,,,,,,,,,,,,,,,,,,,,,,,,,,,,,,,,-1,-1,-1,-1,-1
545445,056925W,019008L,059004B,069993T,016038G,000990Z,040986Z,008019M,052965I,066924T,,,,,,,,,,,,,,,,,,,,,,,,,,,,,,,,,,,,,,,,,,,,,,,,,,,,,,,,,,-1,-1,-1,-1,-1
111879,019008L,056925W,019998Q,015048E,055935U,006930A,006039K,007029N,002970E,009009S,,,,,,,,,,,,,,,,,,,,,,,,,,,,,,,,,,,,,,,,,,,,,,,,,,,,,,,,,,-1,-1,-1,-1,-1
288117,000000C,073953I,019008L,046926Q,016929M,059994L,062964J,005940K,067023I,016038G,,,,,,,,,,,,,,,,,,,,,,,,,,,,,,,,,,,,,,,,,,,,,,,,,,,,,,,,,,-1,-1,-1,-1,-1
448056,069993T,065934P,039996Z,017028O,020988N,001980G,014949S,063954D,012969C,013959S,,,,,,,,,,,,,,,,,,,,,,,,,,,,,,,,,,,,,,,,,,,,,,,,,,,,,,,,,,-1,-1,-1,-1,-1
547245,020988N,037026J,071973D,046926Q,032967I,031977B,001980G,003069E,006930A,050985J,,,,,,,,,,,,,,,,,,,,,,,,,,,,,,,,,,,,,,,,,,,,,,,,,,,,,,,,,,-1,-1,-1,-1,-1
555345,063954D,023958Y,007029N,009999R,076032R,049005L,029997N,051975K,015939V,005940K,,,,,,,,,,,,,,,,,,,,,,,,,,,,,,,,,,,,,,,,,,,,,,,,,,,,,,,,,,-1,-1,-1,-1,-1
41850,075933R,018018Y,045936K,025938M,074943W,037026J,029007O,011979F,052965I,-1,,,,,,,,,,,,,,,,,,,,,,,,,,,,,,,,,,,,,,,,,,,,,,,,,,,,,,,,,,-1,-1,-1,-1,-1
321867,020988N,042966X,032967I,-1,-1,-1,-1,-1,-1,-1,,,,,,,,,,,,,,,,,,,,,,,,,,,,,,,,,,,,,,,,,,,,,,,,,,,,,,,,,,-1,-1,-1,-1,-1
561735,030987T,020988N,017028O,006930A,003069E,060984A,046926Q,059004B,057024E,010989C,,,,,,,,,,,,,,,,,,,,,,,,,,,,,,,,,,,,,,,,,,,,,,,,,,,,,,,,,,-1,-1,-1,-1,-1
44559,024948Y,065934P,062964J,042966X,049995T,059004B,039006S,002079M,019008L,080982S,,,,,,,,,,,,,,,,,,,,,,,,,,,,,,,,,,,,,,,,,,,,,,,,,,,,,,,,,,-1,-1,-1,-1,-1
134658,012078F,011979F,068013X,033957W,045936K,046926Q,062964J,059994L,038016P,041976M,,,,,,,,,,,,,,,,,,,,,,,,,,,,,,,,,,,,,,,,,,,,,,,,,,,,,,,,,,-1,-1,-1,-1,-1
336456,031977B,009009S,016929M,003069E,057024E,044055K,020988N,054054O,050985J,061974D,,,,,,,,,,,,,,,,,,,,,,,,,,,,,,,,,,,,,,,,,,,,,,,,,,,,,,,,,,-1,-1,-1,-1,-1
35559,002970E,007029N,020988N,052965I,010989C,037917H,000000C,049995T,076923I,070983K,,,,,,,,,,,,,,,,,,,,,,,,,,,,,,,,,,,,,,,,,,,,,,,,,,,,,,,,,,-1,-1,-1,-1,-1
236457,056925W,013068T,039996Z,031977B,033957W,059994L,070983K,004950L,020988N,027027P,,,,,,,,,,,,,,,,,,,,,,,,,,,,,,,,,,,,,,,,,,,,,,,,,,,,,,,,,,-1,-1,-1,-1,-1
566235,009999R,006039K,003069E,076923I,000000C,002079M,071973D,030987T,003960A,021978L,,,,,,,,,,,,,,,,,,,,,,,,,,,,,,,,,,,,,,,,,,,,,,,,,,,,,,,,,,-1,-1,-1,-1,-1
568035,020988N,041976M,026928F,016929M,001980G,054945F,017028O,051975K,071973D,068013X,,,,,,,,,,,,,,,,,,,,,,,,,,,,,,,,,,,,,,,,,,,,,,,,,,,,,,,,,,-1,-1,-1,-1,-1
31959,054945F,064944H,076923I,001980G,004059Z,055935U,039006S,019998Q,-1,-1,,,,,,,,,,,,,,,,,,,,,,,,,,,,,,,,,,,,,,,,,,,,,,,,,,,,,,,,,,-1,-1,-1,-1,-1
231957,019008L,050985J,054945F,018018Y,049995T,052965I,063954D,055044K,065043Y,064944H,,,,,,,,,,,,,,,,,,,,,,,,,,,,,,,,,,,,,,,,,,,,,,,,,,,,,,,,,,-1,-1,-1,-1,-1
267138,061974D,065934P,007029N,018018Y,009009S,000990Z,017919J,002970E,031977B,036927A,,,,,,,,,,,,,,,,,,,,,,,,,,,,,,,,,,,,,,,,,,,,,,,,,,,,,,,,,,-1,-1,-1,-1,-1
32859,021087C,016929M,048015U,069003V,005049G,045936K,076923I,055935U,039006S,015939V,,,,,,,,,,,,,,,,,,,,,,,,,,,,,,,,,,,,,,,,,,,,,,,,,,,,,,,,,,-1,-1,-1,-1,-1
366237,048015U,066924T,062964J,014058M,035937Z,036927A,076923I,000000C,049995T,031977B,,,,,,,,,,,,,,,,,,,,,,,,,,,,,,,,,,,,,,,,,,,,,,,,,,,,,,,,,,-1,-1,-1,-1,-1
135558,009009S,027027P,018018Y,073953I,063954D,029997N,044946T,003069E,054945F,018018Y,,,,,,,,,,,,,,,,,,,,,,,,,,,,,,,,,,,,,,,,,,,,,,,,,,,,,,,,,,-1,-1,-1,-1,-1
569925,015048E,001980G,020988N,019998Q,009999R,030987T,021978L,020988N,032967I,006039K,,,,,,,,,,,,,,,,,,,,,,,,,,,,,,,,,,,,,,,,,,,,,,,,,,,,,,,,,,-1,-1,-1,-1,-1
369927,056925W,073953I,015048E,037026J,014058M,037917H,013068T,054054O,074052E,003069E,,,,,,,,,,,,,,,,,,,,,,,,,,,,,,,,,,,,,,,,,,,,,,,,,,,,,,,,,,-1,-1,-1,-1,-1
269028,015939V,054945F,000000C,029997N,012969C,045936K,007029N,022968C,044055K,006039K,,,,,,,,,,,,,,,,,,,,,,,,,,,,,,,,,,,,,,,,,,,,,,,,,,,,,,,,,,-1,-1,-1,-1,-1
568125,043956V,007029N,033957W,069993T,009999R,008019M,011979F,059994L,061974D,074943W,,,,,,,,,,,,,,,,,,,,,,,,,,,,,,,,,,,,,,,,,,,,,,,,,,,,,,,,,,-1,-1,-1,-1,-1
31869,007029N,009009S,019008L,012078F,017919J,057024E,009009S,021978L,067023I,005049G,,,,,,,,,,,,,,,,,,,,,,,,,,,,,,,,,,,,,,,,,,,,,,,,,,,,,,,,,,-1,-1,-1,-1,-1
33669,009009S,061974D,022968C,013959S,001980G,015048E,046926Q,011979F,000990Z,045936K,,,,,,,,,,,,,,,,,,,,,,,,,,,,,,,,,,,,,,,,,,,,,,,,,,,,,,,,,,-1,-1,-1,-1,-1
34569,013959S,070983K,041976M,031977B,014949S,045936K,025938M,055935U,033957W,055935U,,,,,,,,,,,,,,,,,,,,,,,,,,,,,,,,,,,,,,,,,,,,,,,,,,,,,,,,,,-1,-1,-1,-1,-1
134568,055044K,083952C,043956V,046926Q,011979F,000990Z,070983K,061974D,056925W,002970E,,,,,,,,,,,,,,,,,,,,,,,,,,,,,,,,,,,,,,,,,,,,,,,,,,,,,,,,,,-1,-1,-1,-1,-1
69930,037917H,011979F,013068T,025938M,055935U,033957W,029997N,020988N,019008L,013068T,,,,,,,,,,,,,,,,,,,,,,,,,,,,,,,,,,,,,,,,,,,,,,,,,,,,,,,,,,-1,-1,-1,-1,-1
164529,037917H,065934P,021978L,021978L,031977B,011979F,001980G,008019M,070983K,056034Z,,,,,,,,,,,,,,,,,,,,,,,,,,,,,,,,,,,,,,,,,,,,,,,,,,,,,,,,,,-1,-1,-1,-1,-1
135468,053955S,004059Z,059994L,018018Y,025938M,014949S,033957W,063954D,005049G,013959S,,,,,,,,,,,,,,,,,,,,,,,,,,,,,,,,,,,,,,,,,,,,,,,,,,,,,,,,,,-1,-1,-1,-1,-1
335466,026928F,074943W,024948Y,006930A,009999R,012078F,066924T,070983K,021978L,004950L,,,,,,,,,,,,,,,,,,,,,,,,,,,,,,,,,,,,,,,,,,,,,,,,,,,,,,,,,,-1,-1,-1,-1,-1
362727,044946T,054054O,033066P,-1,-1,-1,-1,-1,-1,-1,,,,,,,,,,,,,,,,,,,,,,,,,,,,,,,,,,,,,,,,,,,,,,,,,,,,,,,,,,-1,-1,-1,-1,-1
470826,033066P,054054O,030987T,042966X,004950L,005049G,045936K,020988N,009009S,021978L,,,,,,,,,,,,,,,,,,,,,,,,,,,,,,,,,,,,,,,,,,,,,,,,,,,,,,,,,,-1,-1,-1,-1,-1
130968,029997N,042966X,063954D,008019M,011979F,059994L,061974D,036927A,001980G,004950L,,,,,,,,,,,,,,,,,,,,,,,,,,,,,,,,,,,,,,,,,,,,,,,,,,,,,,,,,,-1,-1,-1,-1,-1
572625,001980G,066924T,043956V,057024E,009009S,021978L,067023I,029007O,070983K,008019M,,,,,,,,,,,,,,,,,,,,,,,,,,,,,,,,,,,,,,,,,,,,,,,,,,,,,,,,,,-1,-1,-1,-1,-1
372627,052965I,061974D,026928F,015048E,046926Q,011979F,000990Z,070983K,073953I,005049G,,,,,,,,,,,,,,,,,,,,,,,,,,,,,,,,,,,,,,,,,,,,,,,,,,,,,,,,,,-1,-1,-1,-1,-1
171729,075933R,074052E,016929M,045936K,025938M,055935U,033957W,029997N,039996Z,006039K,,,,,,,,,,,,,,,,,,,,,,,,,,,,,,,,,,,,,,,,,,,,,,,,,,,,,,,,,,-1,-1,-1,-1,-1
467226,019008L,002970E,074943W,003069E,039996Z,001980G,063954D,009999R,008019M,012969C,,,,,,,,,,,,,,,,,,,,,,,,,,,,,,,,,,,,,,,,,,,,,,,,,,,,,,,,,,-1,-1,-1,-1,-1
234567,036927A,026928F,006930A,042966X,018018Y,012969C,052965I,046926Q,019998Q,003960A,,,,,,,,,,,,,,,,,,,,,,,,,,,,,,,,,,,,,,,,,,,,,,,,,,,,,,,,,,-1,-1,-1,-1,-1
273528,040986Z,070983K,014949S,067023I,024948Y,064944H,056925W,011979F,045936K,050985J,,,,,,,,,,,,,,,,,,,,,,,,,,,,,,,,,,,,,,,,,,,,,,,,,,,,,,,,,,-1,-1,-1,-1,-1
174429,029997N,052965I,032967I,014058M,014949S,009999R,010989C,020988N,-1,-1,,,,,,,,,,,,,,,,,,,,,,,,,,,,,,,,,,,,,,,,,,,,,,,,,,,,,,,,,,-1,-1,-1,-1,-1
325566,056925W,037026J,035046W,055935U,016929M,026928F,021978L,028017C,017028O,009999R,,,,,,,,,,,,,,,,,,,,,,,,,,,,,,,,,,,,,,,,,,,,,,,,,,,,,,,,,,-1,-1,-1,-1,-1
373527,048015U,075933R,002970E,076923I,066924T,056925W,036927A,021978L,075933R,004950L,,,,,,,,,,,,,,,,,,,,,,,,,,,,,,,,,,,,,,,,,,,,,,,,,,,,,,,,,,-1,-1,-1,-1,-1
275328,009999R,069003V,063954D,-1,-1,-1,-1,-1,-1,-1,,,,,,,,,,,,,,,,,,,,,,,,,,,,,,,,,,,,,,,,,,,,,,,,,,,,,,,,,,-1,-1,-1,-1,-1
128268,003960A,063954D,016929M,003069E,020988N,068013X,016038G,039996Z,019008L,059994L,,,,,,,,,,,,,,,,,,,,,,,,,,,,,,,,,,,,,,,,,,,,,,,,,,,,,,,,,,-1,-1,-1,-1,-1
77130,048015U,075933R,019998Q,073953I,000990Z,041976M,-1,-1,-1,-1,,,,,,,,,,,,,,,,,,,,,,,,,,,,,,,,,,,,,,,,,,,,,,,,,,,,,,,,,,-1,-1,-1,-1,-1
122868,061974D,031977B,074943W,-1,-1,-1,-1,-1,-1,-1,,,,,,,,,,,,,,,,,,,,,,,,,,,,,,,,,,,,,,,,,,,,,,,,,,,,,,,,,,-1,-1,-1,-1,-1
576225,013959S,043956V,041976M,058014M,043956V,019998Q,024948Y,016929M,002970E,-1,,,,,,,,,,,,,,,,,,,,,,,,,,,,,,,,,,,,,,,,,,,,,,,,,,,,,,,,,,-1,-1,-1,-1,-1
176229,079992P,025938M,076923I,008019M,032967I,031977B,001980G,-1,-1,-1,,,,,,,,,,,,,,,,,,,,,,,,,,,,,,,,,,,,,,,,,,,,,,,,,,,,,,,,,,-1,-1,-1,-1,-1
76230,049005L,021978L,001980G,043956V,-1,-1,-1,-1,-1,-1,,,,,,,,,,,,,,,,,,,,,,,,,,,,,,,,,,,,,,,,,,,,,,,,,,,,,,,,,,-1,-1,-1,-1,-1
74430,037026J,018909H,013068T,006039K,080982S,070983K,058905O,001980G,010989C,029007O,,,,,,,,,,,,,,,,,,,,,,,,,,,,,,,,,,,,,,,,,,,,,,,,,,,,,,,,,,-1,-1,-1,-1,-1
478026,-1,065934P,074052E,022968C,066924T,051975K,005049G,067023I,034056H,046926Q,,,,,,,,,,,,,,,,,,,,,,,,,,,,,,,,,,,,,,,,,,,,,,,,,,,,,,,,,,-1,-1,-1,-1,-1
278028,060984A,012078F,074943W,009999R,066924T,-1,-1,-1,-1,-1,,,,,,,,,,,,,,,,,,,,,,,,,,,,,,,,,,,,,,,,,,,,,,,,,,,,,,,,,,-1,-1,-1,-1,-1
78030,059004B,068013X,009009S,-1,-1,-1,-1,-1,-1,-1,,,,,,,,,,,,,,,,,,,,,,,,,,,,,,,,,,,,,,,,,,,,,,,,,,,,,,,,,,-1,-1,-1,-1,-1
477126,040986Z,008019M,052965I,070983K,005049G,012078F,033957W,020988N,022968C,032967I,,,,,,,,,,,,,,,,,,,,,,,,,,,,,,,,,,,,,,,,,,,,,,,,,,,,,,,,,,-1,-1,-1,-1,-1
377127,006039K,007029N,002970E,014058M,019008L,067023I,076923I,006039K,060984A,018018Y,,,,,,,,,,,,,,,,,,,,,,,,,,,,,,,,,,,,,,,,,,,,,,,,,,,,,,,,,,-1,-1,-1,-1,-1
379017,062964J,005940K,067023I,-1,-1,-1,-1,-1,-1,-1,,,,,,,,,,,,,,,,,,,,,,,,,,,,,,,,,,,,,,,,,,,,,,,,,,,,,,,,,,-1,-1,-1,-1,-1
179019,014949S,063954D,012969C,-1,-1,-1,-1,-1,-1,-1,,,,,,,,,,,,,,,,,,,,,,,,,,,,,,,,,,,,,,,,,,,,,,,,,,,,,,,,,,-1,-1,-1,-1,-1
220977,008019M,003069E,006930A,033957W,061974D,-1,-1,-1,-1,-1,,,,,,,,,,,,,,,,,,,,,,,,,,,,,,,,,,,,,,,,,,,,,,,,,,,,,,,,,,-1,-1,-1,-1,-1
476316,043956V,051975K,015939V,043956V,033957W,069003V,019998Q,014949S,076923I,036927A,,,,,,,,,,,,,,,,,,,,,,,,,,,,,,,,,,,,,,,,,,,,,,,,,,,,,,,,,,-1,-1,-1,-1,-1
224577,006039K,011979F,052965I,009009S,014058M,010989C,-1,-1,-1,-1,,,,,,,,,,,,,,,,,,,,,,,,,,,,,,,,,,,,,,,,,,,,,,,,,,,,,,,,,,-1,-1,-1,-1,-1
273618,022968C,-1,-1,-1,-1,-1,-1,-1,-1,-1,,,,,,,,,,,,,,,,,,,,,,,,,,,,,,,,,,,,,,,,,,,,,,,,,,,,,,,,,,-1,-1,-1,-1,-1
271818,009999R,009999R,069993T,071973D,049995T,061974D,002970E,022968C,027918S,017028O,,,,,,,,,,,,,,,,,,,,,,,,,,,,,,,,,,,,,,,,,,,,,,,,,,,,,,,,,,-1,-1,-1,-1,-1
480816,002970E,018018Y,021978L,015048E,065934P,049005L,053955S,043956V,073953I,-1,,,,,,,,,,,,,,,,,,,,,,,,,,,,,,,,,,,,,,,,,,,,,,,,,,,,,,,,,,-1,-1,-1,-1,-1
280818,000000C,060984A,070983K,012078F,017028O,062964J,069003V,009999R,011979F,016929M,,,,,,,,,,,,,,,,,,,,,,,,,,,,,,,,,,,,,,,,,,,,,,,,,,,,,,,,,,-1,-1,-1,-1,-1
19179,044946T,004950L,064944H,023958Y,011979F,020988N,047025C,065043Y,035937Z,041976M,,,,,,,,,,,,,,,,,,,,,,,,,,,,,,,,,,,,,,,,,,,,,,,,,,,,,,,,,,-1,-1,-1,-1,-1